<?xml version="1.0" encoding="UTF-8"?>
<config xmlns="http://www.knime.org/2008/09/XMLConfig" xmlns:xsi="http://www.w3.org/2001/XMLSchema-instance" xsi:schemaLocation="http://www.knime.org/2008/09/XMLConfig http://www.knime.org/XMLConfig_2008_09.xsd" key="MiningSchema">
<config key="learning">
<entry key="array-size" type="xint" value="17"/>
<entry key="0" type="xstring" value="Restaurant ID"/>
<entry key="1" type="xstring" value="Longitude"/>
<entry key="2" type="xstring" value="Latitude"/>
<entry key="3" type="xstring" value="Average Cost for two"/>
<entry key="4" type="xstring" value="Has Table booking"/>
<entry key="5" type="xstring" value="Has Online delivery"/>
<entry key="6" type="xstring" value="Is delivering now"/>
<entry key="7" type="xstring" value="Switch to order menu"/>
<entry key="8" type="xstring" value="Price range"/>
<entry key="9" type="xstring" value="Aggregate rating"/>
<entry key="10" type="xstring" value="Rating color"/>
<entry key="11" type="xstring" value="Rating text"/>
<entry key="12" type="xstring" value="Votes"/>
<entry key="13" type="xstring" value="Country"/>
<entry key="14" type="xstring" value="Currency"/>
<entry key="15" type="xstring" value="Average Cost for two euro"/>
<entry key="16" type="xstring" value="Compared Price and Salary"/>
</config>
<config key="target">
<entry key="array-size" type="xint" value="1"/>
<entry key="0" type="xstring" value="Categorical Price"/>
</config>
</config>
