<?xml version="1.0" encoding="UTF-8"?>
<config xmlns="http://www.knime.org/2008/09/XMLConfig" xmlns:xsi="http://www.w3.org/2001/XMLSchema-instance" xsi:schemaLocation="http://www.knime.org/2008/09/XMLConfig http://www.knime.org/XMLConfig_2008_09.xsd" key="MiningSchema">
<config key="learning">
<entry key="array-size" type="xint" value="44"/>
<entry key="0" type="xstring" value="PCA dimension 0"/>
<entry key="1" type="xstring" value="PCA dimension 1"/>
<entry key="2" type="xstring" value="PCA dimension 2"/>
<entry key="3" type="xstring" value="PCA dimension 3"/>
<entry key="4" type="xstring" value="PCA dimension 4"/>
<entry key="5" type="xstring" value="PCA dimension 5"/>
<entry key="6" type="xstring" value="PCA dimension 6"/>
<entry key="7" type="xstring" value="PCA dimension 7"/>
<entry key="8" type="xstring" value="PCA dimension 8"/>
<entry key="9" type="xstring" value="PCA dimension 9"/>
<entry key="10" type="xstring" value="PCA dimension 10"/>
<entry key="11" type="xstring" value="PCA dimension 11"/>
<entry key="12" type="xstring" value="PCA dimension 12"/>
<entry key="13" type="xstring" value="PCA dimension 13"/>
<entry key="14" type="xstring" value="PCA dimension 14"/>
<entry key="15" type="xstring" value="PCA dimension 15"/>
<entry key="16" type="xstring" value="PCA dimension 16"/>
<entry key="17" type="xstring" value="PCA dimension 17"/>
<entry key="18" type="xstring" value="PCA dimension 18"/>
<entry key="19" type="xstring" value="PCA dimension 19"/>
<entry key="20" type="xstring" value="PCA dimension 20"/>
<entry key="21" type="xstring" value="PCA dimension 21"/>
<entry key="22" type="xstring" value="PCA dimension 22"/>
<entry key="23" type="xstring" value="PCA dimension 23"/>
<entry key="24" type="xstring" value="PCA dimension 24"/>
<entry key="25" type="xstring" value="PCA dimension 25"/>
<entry key="26" type="xstring" value="PCA dimension 26"/>
<entry key="27" type="xstring" value="PCA dimension 27"/>
<entry key="28" type="xstring" value="PCA dimension 28"/>
<entry key="29" type="xstring" value="PCA dimension 29"/>
<entry key="30" type="xstring" value="PCA dimension 30"/>
<entry key="31" type="xstring" value="PCA dimension 31"/>
<entry key="32" type="xstring" value="PCA dimension 32"/>
<entry key="33" type="xstring" value="PCA dimension 33"/>
<entry key="34" type="xstring" value="PCA dimension 34"/>
<entry key="35" type="xstring" value="PCA dimension 35"/>
<entry key="36" type="xstring" value="PCA dimension 36"/>
<entry key="37" type="xstring" value="PCA dimension 37"/>
<entry key="38" type="xstring" value="PCA dimension 38"/>
<entry key="39" type="xstring" value="PCA dimension 39"/>
<entry key="40" type="xstring" value="PCA dimension 40"/>
<entry key="41" type="xstring" value="PCA dimension 41"/>
<entry key="42" type="xstring" value="PCA dimension 42"/>
<entry key="43" type="xstring" value="PCA dimension 43"/>
</config>
<config key="target">
<entry key="array-size" type="xint" value="1"/>
<entry key="0" type="xstring" value="Categorical Price"/>
</config>
</config>
