<?xml version="1.0" encoding="UTF-8"?>
<config xmlns="http://www.knime.org/2008/09/XMLConfig" xmlns:xsi="http://www.w3.org/2001/XMLSchema-instance" xsi:schemaLocation="http://www.knime.org/2008/09/XMLConfig http://www.knime.org/XMLConfig_2008_09.xsd" key="model.xml">
<entry key="version" type="xint" value="1"/>
<entry key="class_name" type="xstring" value="org.knime.base.data.normalize.NormalizerPortObject"/>
<config key="model">
<config key="columns">
<config key="Longitude">
<entry key="column_name" type="xstring" value="Longitude"/>
<entry key="column_scale" type="xdouble" value="0.003004983085621825"/>
<entry key="column_translate" type="xdouble" value="0.47463252882957563"/>
<entry key="column_min" type="xdouble" value="0.0"/>
<entry key="column_max" type="xdouble" value="1.0"/>
</config>
<config key="Latitude">
<entry key="column_name" type="xstring" value="Latitude"/>
<entry key="column_scale" type="xdouble" value="0.010276709867762584"/>
<entry key="column_translate" type="xdouble" value="0.42474081726645113"/>
<entry key="column_min" type="xdouble" value="0.0"/>
<entry key="column_max" type="xdouble" value="1.0"/>
</config>
<config key="Price range">
<entry key="column_name" type="xstring" value="Price range"/>
<entry key="column_scale" type="xdouble" value="0.3333333333333333"/>
<entry key="column_translate" type="xdouble" value="-0.3333333333333333"/>
<entry key="column_min" type="xdouble" value="0.0"/>
<entry key="column_max" type="xdouble" value="1.0"/>
</config>
<config key="Average Cost for two euro">
<entry key="column_name" type="xstring" value="Average Cost for two euro"/>
<entry key="column_scale" type="xdouble" value="0.0023225840007707168"/>
<entry key="column_translate" type="xdouble" value="0.0"/>
<entry key="column_min" type="xdouble" value="0.0"/>
<entry key="column_max" type="xdouble" value="1.0"/>
</config>
<config key="Compared Price and Salary">
<entry key="column_name" type="xstring" value="Compared Price and Salary"/>
<entry key="column_scale" type="xdouble" value="2.9742717100456058"/>
<entry key="column_translate" type="xdouble" value="0.0"/>
<entry key="column_min" type="xdouble" value="0.0"/>
<entry key="column_max" type="xdouble" value="1.0"/>
</config>
</config>
<entry key="summary" type="xstring" value="Min/Max (0.0, 1) normalization on 5 column(s)"/>
</config>
</config>
